"month_disp","revenue"
"8",66036.31999999998
"10",65003.31999999999
"7",64503.24999999996
"12",63532.189999999944
"9",62941.21999999995
"1",59054.26999999996
"6",58902.49000000002
"5",58131.15999999999
"11",56020.55999999997
"3",55564.44999999995
"4",51306.49999999993
"2",48212.82999999998
