"store_type","totalsales","percentageoftotalsales","ordercount"
"Local",4200344.269999863,65.01947512673416,"37759892584"
"Super Store",1045045.1900000083,16.17683822319663,"9282858976"
"Mall Kiosk",705645.900000004,10.92308703622851,"6328871792"
"Outlet",508029.41000000143,7.864071005576313,"4433870232"
"Web Portal",1067.77,0.01652860825050305,"20707768"
