"store_type","revenue"
"Local",156523.01000000036
"Super Store",43536.77999999997
"Mall Kiosk",22305.279999999984
"Outlet",16346.609999999993
