"product_category","cost","sales","orders","profit"
"homeware",1264.4605119152616,2457.98,"18781464",1193.5194880847384
"toys-and-games",1126.511947616918,1848.1800000000003,"10113096",721.6680523830823
"food-and-drink",61.85620722319445,146.46,"9149944",84.60379277680556
"pets",28.829517306968313,67.96000000000001,"3371032",39.130482693031695
"health-and-beauty",26.590672723736844,54.79,"2889456",28.199327276263155
"sports-and-leisure",22.371300957608625,48.870000000000005,"963152",26.49869904239138
"diy",9.917470020057907,18,"481576",8.082529979942093
